word,tf-idf
dad,0.0002987608902865085
kiyosaki,0.0002974191497612697
thiel,0.0002370408261255232
ohanian,0.00021020601562074702
landscape,0.00019991933826058277
localbitcoins,0.00019678861036835887
depth,0.000182029464590732
trustee,0.0001753207619645379
silver,0.00014893319830150796
nts,0.00013685753357435868
