word,tf-idf
ccharge,0.0002428322349515226
hive,0.00021636974780936952
andresen,0.00018803932039835854
blockfi,0.00018336946972621388
seventh,0.00018087888270107005
meta,0.0001494352215086293
evs,0.00014569934097091356
ev,0.00014569934097091356
cuban,0.00014289743056762676
transitioning,0.0001410294902987689
